N°,PLACA INTERNA,PLACA RODAJE,UNIDAD,SUB UNIDAD,TIPO DE VEHICULO,AÑO,MARCA,MODELO,Nº DE  MOTOR,Nº DE SERIE,TIPO DE COMBUSTIBLE,PROCEDENCIA,ESTADO DEL VEHICULO,ESTADO DEL ODOMETRO,FUNCION POLICIAL
1,KG-24564,EPG-271,REGPOL-LL,AYUDANTIA III MACRO REGPOL-LA LIBERTAD,CAMIONETA  PICK UP,2014,TOYOTA ,HILUX 4x4,1KDU626158,MR0FZ22G3F1087306,DIESEL,MPT,OPERATIVO,OPERAT.,ASIG. AL CARGO
2,TMP-2792,T4J-556,REGPOL-LL,JEFATURA III MACRO REGPOL-LA LIBERTAD,CAMIONETA  SUV,2017,JEEP,GRAND CHEROKE,6044710029,1C4RJFAG5HC840434,GASOLINA,PRONABI,OPERATIVO,OPERAT.,ASIG. AL CARGO
3,KG-9892,COQ-523,REGPOL-LL,SECRETARIA-III-MACRO-REGPOL-LL.A,AUTOMOVIL,2008,NISSAN,ALMERA,QG16-229798P,KNMC4C2HM9P728172,GASOLINA,G/R,OPERATIVO,OPERAT.,ASIG. AL CARGO
4,PL-16207,EPC-268,REGPOL-LL,OFAD-III-MACROEGPOL LA LIBERTAD,CAMIONETA  PICK UP,2014,NISSAN,FRONTIER,KA24750008A,3N6DD23T5FK004440,GASOLINA,PNP,OPERATIVO,OPERAT.,ADMINISTRAT.
5,TMP-2791,BBN-376,REGPOL-LL,JEFEFATURA-AREREHUN,AUTOMOVIL,2017,TOYOTA,86,FA20CB51421,JF1ZN6L81JG033001,GASOLINA,PRONABI,OPERATIVO,OPERAT.,ADMINISTRAT.
6,KG-9917,COQ-405,DIVPOCOM,DIV. DE POLICIA COMUNITARIA,AUTOMOVIL,2008,NISSAN,ALMERA,QG16-228355P,KNMC4C2HM9P727673,GASOLINA,G/R,OPERATIVO,OPERAT.,ADMINISTRAT.
7,PL-16192,EPC-285,REGPOL-LL,DIV. INT. -III-MACRO-RP--LL.,CAMIONETA  PICK UP,2014,NISSAN,FRONTIER,KA24728982A,3N6DD23T5EK084398,GASOLINA,PNP,OPERATIVO,OPERAT.,OPERATIVO
8,TMP-3312,T4D-295,REGPOL-LL,DIV. INT. -III-MACRO-RP--LL.,CAMIONETA  SUV,2016,HYUNDAI,NEW TUCSON,G4NAGU199890,KMHJ3813BHU237664,GASOLINA,PRONABI,OPERATIVO,OPERAT.,OPERATIVO
9,PL-17546,EP-3622,REGPOL-LL,DIV. INT. -III-MACRO-RP--LL.,MOTOCICLETA,2015,HONDA,CBX-250 TWISTER,MC35EE337304,8CHMC3500EP006679,GASOLINA,PNP,OPERATIVO,OPERAT.,OPERATIVO
10,PL-14229,EP-1768,REGPOL-LL,DIV. INT. -III-MACRO-RP--LL.,MOTOCICLETA,2013,HONDA ,XR-125 L,JD21E2109780,LTMJD2191E5201177,GASOLINA,PNP,OPERATIVO,OPERAT.,OPERATIVO
11,PL-17180,EP-3565,REGPOL-LL,DIV. INT. -III-MACRO-RP--LL.,MOTOCICLETA,2015,HONDA,CBX-250 TWISTER,MC35EE337838,8CHMC3500FP000223,GASOLINA,PNP,OPERATIVO,OPERAT.,OPERATIVO
12,KG-24565,EP-6987,REGPOL-LL,DIV. INT. -III-MACRO-RP--LL.,MOTOCICLETA,2013,HONDA,XR-250 TORNADO,MD34ED512842,9C2MD3400DR512842,GASOLINA,MPT,OPERATIVO,OPERAT.,OPERATIVO
13,TMP-4374,EA-1023,REGPOL-LL,DIV. INT. -III-MACRO-RP--LL.,MOTOCICLETA,2015,HONDA,XR-250 TORNADO,MD34EA511487,9C2MD3400AR511487,GASOLINA,GR,OPERATIVO,OPERAT.,OPERATIVO
14,TMP-4375,EA-1151,REGPOL-LL,DIV. INT. -III-MACRO-RP--LL.,MOTOCICLETA,2015,MAVILA,VERTIGO 200,LC163FML2HA133410,LLCLGL10XA1100183,GASOLINA,GR,OPERATIVO,OPERAT.,OPERATIVO
15,TMP-4376,EA-1162,REGPOL-LL,DIV. INT. -III-MACRO-RP--LL.,MOTOCICLETA,2015,MAVILA,VERTIGO 200,LC163FML2HA133406,LLCLGL10XA1100166,GASOLINA,GR,OPERATIVO,OPERAT.,OPERATIVO
16,IG-25478,EP-6979,REGPOL-LL,DIV. INT. -III-MACRO-RP--LL.,MOTOCICLETA,2014,BAJAJ,PULSAR NS200,JLZCEH26488,MD2A36FZ4FCH00158,GASOLINA,DONADO,OPERATIVO,OPERAT.,OPERATIVO
17,IG-25481,EP-6982,REGPOL-LL,DIV. INT. -III-MACRO-RP--LL.,MOTOCICLETA,2014,BAJAJ,PULSAR NS200,JLZCEG18325,MD2A36FZ2FCG00463,GASOLINA,DONADO,OPERATIVO,OPERAT.,OPERATIVO
18,PL-12430,EP-0872,REGPOL-LL,REGPOL-LL-SECRETARIA,MOTOCICLETA,2012,HONDA,CBX-250 TWISTER,MC35ED350162,9C2MC3500DR350162,GASOLINA,PNP,OPERATIVO,OPERAT.,ADMINISTRAT.
19,PL-15339,EPB-856,REGPOL-LL,DPTO.UNIDADES ESPÉCIALIZADAS (DUE),AUTOMOVIL,2014,NISSAN,TIIDA,HR16758004H,3N1CC1AD8EK210246,GASOLINA,PNP,OPERATIVO,OPERAT.,ADMINISTRAT.
20,PG-27750,EPH-194,REGPOL-LL,DIVINCRI LA LIBERTAD,CAMIONETA  PICK UP,2024,TOYOTA,HILUX 4x4,1GD-G493830,8AJKA3CD1S3129323,DIESEL,GR    ,OPERATIVO,OPERAT.,OPERATIVO
21,PG-27751,EPH-193,REGPOL-LL,DIVINCRI LA LIBERTAD,CAMIONETA  PICK UP,2024,TOYOTA,HILUX 4x4,1GD-G492768,8AJKA3CD2S3129184,DIESEL,GR    ,OPERATIVO,OPERAT.,OPERATIVO
22,PG-27752,EPH-190,REGPOL-LL,DIVINCRI LA LIBERTAD,CAMIONETA  PICK UP,2024,TOYOTA,HILUX 4x4,1GD-G463719,8AJKA3CD7S3129150,DIESEL,GR    ,OPERATIVO,OPERAT.,OPERATIVO
23,PG-27753,EPH-204,REGPOL-LL,DIVINCRI LA LIBERTAD,CAMIONETA  PICK UP,2024,TOYOTA,HILUX 4x4,1GD-G492159,8AJKA3CD4S3129106,DIESEL,GR    ,OPERATIVO,OPERAT.,OPERATIVO
24,IK-25373,EPG-035,REGPOL-LL,DIVINCRI TRATA DE PERSONAS,CAMIONETA  PICK UP,2019,TOYOTA,HILUX 4x4, 1GDG135037,8AJKA3CD1L3073109,DIESEL,PNP,OPERATIVO,OPERAT.,OPERATIVO
25,PG-25415,EPG-266,REGPOL-LL,DIVINCRI DEPINCRI AREANDRO,CAMIONETA  PICK UP,2016,MAZDA,BT50  4X4, P5AT2233013,MM7UR4DF5HW601267,DIESEL,DONADO,OPERATIVO,OPERAT.,OPERATIVO
26,IK-25321,EPG-029,REGPOL-LL,DIVINCRI DEPINCRI ROBOS,CAMIONETA  PICK UP,2019,TOYOTA,HILUX 4x4,1GDG128315, 8AJKA3CD0L3071447,DIESEL,PNP,OPERATIVO,OPERAT.,OPERATIVO
27,IG-25479,EP-6980,REGPOL-LL,DIVINCRI DEPINCRI ROBOS,MOTOCICLETA,2014,BAJAJ,PULSAR,JLZCEG18283,MD2A36FZ2FCG00446,GASOLINA,DONADO,OPERATIVO,OPERAT.,OPERATIVO
28,PG-27754,EPH-206,REGPOL-LL,DIVINCRI OFICRI-TRUJILLO,CAMIONETA  PICK UP,2024,TOYOTA,HILUX 4x4,1GD-G497639,8AJKA3CD0S3129829,DIESEL,GR,OPERATIVO,OPERAT.,OPERATIVO
29,TMP-2852,EAG-844,REGPOL-LL,DIVINCRI-DEPINCRI-SEINCRI-ARE-NORTE,CAMIONETA  PICK UP,2021,MITSUBISHI,L200,4N15UHT9966,MMBJJKL10NH053044,DIESEL,MDLE,OPERATIVO,OPERAT.,OPERATIVO
30,IL-12388,S/P,IIIMRP-LL,DIVINCRI-DEPINCRI-SEINCRI-ARE-NORTE,CAMIONETA  PICK UP,2013,NISSAN,FRONTIER,YD25381426T,3N6PD23Y5DK010017,DIESEL,DONADO,OPERATIVO,OPERAT.,OPERATIVO
31,IG-25480,EP-6981,REGPOL-LL,DIVINCRI DEPINCRI EXTORSIONES,MOTOCICLETA,2014,BAJAJ,PULSAR,JLZCEG17930,MD2A36FZ5FCG00005,GASOLINA,DONADO,OPERATIVO,OPERAT.,OPERATIVO
32,PL-16068,EPC-180,REGPOL-LL,DIVINCRI-DEPINCRI-SEINCRI-ARE-ESTE,CAMIONETA  PICK UP,2014,NISSAN,FRONTIER,KA24730877A,3N6DD23T2EK086108,GASOLINA,PNP,OPERATIVO,OPERAT.,OPERATIVO
33,TMP-3311,T8J-945,REGPOL-LL,DIVINCRI DEPINCRI AREAP JUD,CAMIONETA  PICK UP,2016,MITSUBISHI,L-200,4D56UAE9412,MMBJMKL30GH052774,DIESEL,PRONABI,OPERATIVO,OPERAT.,OPERATIVO
34,PG-25947,EPG-336,REGPOL-LL,UNIDAD DE FLAGRANCIA-DIVINCRI TRUJILLO,CAMIONETA  PICK UP,2022,SSANG YONG,MUSSO,C67296010519660,KPAX62EESPP174093,DIESEL,PIP,OPERATIVO,OPERAT.,PATRULLAJE
35,PL-7663,CQL-901,REGPOL-LL,EDUCACION-INSTRUCCION,AUTOMOVIL,2008,NISSAN ,ALMERA,QG16211793P,KNMC4C2HM9P713930,GASOLINA,PNP,OPERATIVO,OPERAT.,OPERATIVO
36,PG-27747,EPH-209,REGPOL-LL,SUAT,CAMIONETA  PICK UP,2024,TOYOTA,HILUX 4x4,1GD-G497496,8AJKA3CD4S3129803,DIESEL,GR,OPERATIVO,OPERAT.,PATRULLAJE
37,PG-27818,EPH-223,REGPOL-LL,SUAT,CAMIONETA  PICK UP,2024,TOYOTA,HILUX 4x4,1GD-G497781,8AJKA3CD5S3129843,DIESEL,GR,OPERATIVO,OPERAT.,PATRULLAJE
38,PL-16112,EPC-360,REGPOL-LL,UNIPLEDU,CAMIONETA  PICK UP,2014,NISSAN,FRONTIER,162FMJ12057132,3N6DD23T6EK087665,GASOLINA,PNP,OPERATIVO,OPERAT.,PATRULLAJE
39,PG-25447,EPG-165,REGPOL-LL,UNIDAD SERV. ESPECIALES,MINIBUS,2020,VOLKSWAGEN,HERMES,36639984,9532M52P9LR007111,DIESEL,PNP,OPERATIVO,OPERAT.,OPERATIVO
40,TMP-2793,BBP-801,REGPOL-LL,UNIDAD SERV. ESPECIALES,CAMION BARANDA,2019,SCANIA,G500 B6X4,DC13146L018343425,9BSG6X400K3953219,DIESEL,PRONABI,OPERATIVO,OPERAT.,OPERATIVO
41,PG-24786,EPG-257,REGPOL-LL,UNIDAD SERV. ESPECIALES,CAMIONETA  PICK UP,2016,MAZDA,BT50  4X4,P5AT2323938,MM7UR4DF0HW643071,DIESEL,MPT,OPERATIVO,OPERAT.,OPERATIVO
42,PG-26450,EPG-611,REGPOL-LL,UNIDAD SERV. ESPECIALES,CAMIONETA  PICK UP,2023,FORD,RANGER 4X2,SA2QPJ344213,8AFAR23WXPJ344213,DIESEL,MININTER,OPERATIVO,OPERAT.,OPERATIVO
43,PG-24793,EAA-266,REGPOL-LL,UNIDAD SERV. ESPECIALES,PORTATROPA,2016,FOTON,AUMARK,89854167,LVBV5PBB1GE006971,DIESEL,MPT,OPERATIVO,OPERAT.,OPERATIVO
44,PL-13479,EP-2123,REGPOL-LL,SEC. SEG. PENALES,MOTOCICLETA,2013,YAMAHA,YBR 125 ED,E3J2E 008469,LBPKE1781D0016911,GASOLINA,PNP,OPERATIVO,OPERAT.,PATRULLAJE
45,KG-24566,EP-6988,REGPOL-LL,UNIDAD SEGURIDAD DEL ESTADO,MOTOCICLETA,2013,HONDA,XR-250 TORNADO,MD34ED512821,9C2MD3400DR512821,GASOLINA,MPT,OPERATIVO,OPERAT.,PATRULLAJE
46,RL-25224,EPG-076,REGPOL-LL,UNIDAD SEGURIDAD DEL ESTADO,CAMIONETA  SUV,2020,VOLKSWAGEN,TIGUAN,CZDA59712,3VVK665N6LM025180,GASOLINA,PNP,OPERATIVO,OPERAT.,PATRULLAJE
47,KG-25641,EPG-286,REGPOL-LL,SECPROVE,CAMIONETA  PICK UP,2021,NISSAN,FRONTIER,YD25733648P,3N6CD33B1NK803042,DIESEL,PNP,OPERATIVO,OPERAT.,PATRULLAJE
48,PG-27755,EPH-188,REGPOL-LL,SECPROVE,CAMIONETA  PICK UP,2024,TOYOTA,HILUX 4x4,1GD-G488575,8AJKA3CD2S3128472,DIESEL,GR,OPERATIVO,OPERAT.,PATRULLAJE
49,TMP-3552,T0O-918,REGPOL-LL,SECPROVE,CAMIONETA  PICK UP,2021,TOYOTA,HILUX 4x4,1GDG153681,8AJHA3CD5M2096443,DIESEL,PRONABI,OPERATIVO,OPERAT.,PATRULLAJE
50,PG-27748,EPH-200,REGPOL-LL,UDEX RESCATE,CAMIONETA  PICK UP,2024,TOYOTA,HILUX 4x4,1GD-G491724,8AJKA3CD1S3129046,DIESEL,GR,OPERATIVO,OPERAT.,PATRULLAJE
51,PG-27749,EPH-208,REGPOL-LL,UDEX RESCATE,CAMIONETA  PICK UP,2024,TOYOTA,HILUX 4x4,1GD-G493984,8AJKA3CD0S3129345,DIESEL,GR,OPERATIVO,OPERAT.,PATRULLAJE
52,PG-27732,EPH-205,REGPOL-LL,SECEME CENTRO,CAMIONETA  PICK UP,2024,TOYOTA,HILUX 4x4,1GD-G494399,8AJKA3CD6S3129396,DIESEL,GR,OPERATIVO,OPERAT.,PATRULLAJE
53,PG-27733,EPH-211,REGPOL-LL,SECEME CENTRO,CAMIONETA  PICK UP,2024,TOYOTA,HILUX 4x4,1GD-G497430,8AJKA3CD9S3129795,DIESEL,GR,OPERATIVO,OPERAT.,PATRULLAJE
54,PG-27734,EPH-191,REGPOL-LL,SECEME CENTRO,CAMIONETA  PICK UP,2024,TOYOTA,HILUX 4x4,1GD-G494315,8AJKA3CD4S3129400,DIESEL,GR,OPERATIVO,OPERAT.,PATRULLAJE
55,PG-27812,EPH-264,REGPOL-LL,SECEME CENTRO,CAMIONETA  PICK UP,2024,TOYOTA,HILUX 4x4,1GD-G492500,8AJKA3CD7S3129147,DIESEL,GR,OPERATIVO,OPERAT.,PATRULLAJE
56,PG-27813,EPH-265,REGPOL-LL,SECEME CENTRO,CAMIONETA  PICK UP,2024,TOYOTA,HILUX 4x4,1GD-G492589,8AJKA3CD5S3129163,DIESEL,GR,OPERATIVO,OPERAT.,PATRULLAJE
57,PG-27735,EPH-182,REGPOL-LL,SECEME CENTRO,CAMIONETA  PICK UP,2024,TOYOTA,HILUX 4x4,1GD-G492387,8AJKA3CD0S3129135,DIESEL,GR,OPERATIVO,OPERAT.,PATRULLAJE
58,PG-27814,EPH-266,REGPOL-LL,SECEME CENTRO,CAMIONETA  PICK UP,2024,TOYOTA,HILUX 4x4,1GD-G492428,8AJKA3CD4S3129140,DIESEL,GR,OPERATIVO,OPERAT.,PATRULLAJE
59,PG-27736,EPH-203,REGPOL-LL,SECEME CENTRO,CAMIONETA  PICK UP,2024,TOYOTA,HILUX 4x4,1GD-G492544,8AJKA3CD6S3129155,DIESEL,GR,OPERATIVO,OPERAT.,PATRULLAJE
60,PG-27737,EPH-207,REGPOL-LL,SECEME CENTRO,CAMIONETA  PICK UP,2024,TOYOTA,HILUX 4x4,1GD-G493972,8AJKA3CD7S3129343,DIESEL,GR,OPERATIVO,OPERAT.,PATRULLAJE
61,PG-27738,EPH-197,REGPOL-LL,SECEME CENTRO,CAMIONETA  PICK UP,2024,TOYOTA,HILUX 4x4,1GD-G492118,8AJKA3CD9S3129098,DIESEL,GR,OPERATIVO,OPERAT.,PATRULLAJE
62,PG-27739,EPH-199,REGPOL-LL,SECEME CENTRO,CAMIONETA  PICK UP,2024,TOYOTA,HILUX 4x4,1GD-G492649,8AJKA3CD6S3129169,DIESEL,GR,OPERATIVO,OPERAT.,PATRULLAJE
63,PG-27740,EPH-210,REGPOL-LL,SECEME CENTRO,CAMIONETA  PICK UP,2024,TOYOTA,HILUX 4x4,1GD-G492378,8AJKA3CD1S3129130,DIESEL,GR,OPERATIVO,OPERAT.,PATRULLAJE
64,PG-27741,EPH-185,REGPOL-LL,SECEME CENTRO,CAMIONETA  PICK UP,2024,TOYOTA,HILUX 4x4,1GD-G494454,8AJKA3CD5S3129406,DIESEL,GR,OPERATIVO,OPERAT.,PATRULLAJE
65,PG-27815,EPH-216,REGPOL-LL,SECEME CENTRO,CAMIONETA  PICK UP,2024,TOYOTA,HILUX 4x4,1GD-G494449,8AJKA3CDXS3129403,DIESEL,GR,OPERATIVO,OPERAT.,PATRULLAJE
66,PG-27742,EPH-181,REGPOL-LL,SECEME CENTRO,CAMIONETA  PICK UP,2024,TOYOTA,HILUX 4x4,1GD-G489853,8AJKA3CD0S3128762,DIESEL,GR,OPERATIVO,OPERAT.,PATRULLAJE
67,PG-27743,EPH-189,REGPOL-LL,SECEME CENTRO,CAMIONETA  PICK UP,2024,TOYOTA,HILUX 4x4,1GD-G497101,8AJKA3CD8S3129755,DIESEL,GR,OPERATIVO,OPERAT.,PATRULLAJE
68,PG-27816,EPH-213,REGPOL-LL,SECEME CENTRO,CAMIONETA  PICK UP,2024,TOYOTA,HILUX 4x4,1GD-G496985,8AJKA3CD6S3129740,DIESEL,GR,OPERATIVO,OPERAT.,PATRULLAJE
69,PG-27744,EPH-183,REGPOL-LL,SECEME CENTRO,CAMIONETA  PICK UP,2024,TOYOTA,HILUX 4x4,1GD-G497057,8AJKA3CD0S3129751,DIESEL,GR,OPERATIVO,OPERAT.,PATRULLAJE
70,PG-27745,EPH-201,REGPOL-LL,SECEME CENTRO,CAMIONETA  PICK UP,2024,TOYOTA,HILUX 4x4,1GD-G492574,8AJKA3CD8S3129156,DIESEL,GR,OPERATIVO,OPERAT.,PATRULLAJE
71,PG-27817,EPH-215,REGPOL-LL,SECEME CENTRO,CAMIONETA  PICK UP,2024,TOYOTA,HILUX 4x4,1GD-G491881,8AJKA3CD0S3129068,DIESEL,GR,OPERATIVO,OPERAT.,PATRULLAJE
72,PG-27746,EPH-186,REGPOL-LL,SECEME CENTRO,CAMIONETA  PICK UP,2024,TOYOTA,HILUX 4x4,1GD-G497488,8AJKA3CD2S3129802,DIESEL,GR,OPERATIVO,OPERAT.,PATRULLAJE
73,PL-15886,EPC-438,REGPOL-LL,SECSEBAN-AGUILA NEGRA,CAMIONETA  PICK UP,2014,NISSAN,FRONTIER,KA24733590A,3N6DD23T4EK088412,GASOLINA,PNP,OPERATIVO,OPERAT.,PATRULLAJE
74,PG-25852,EP-7206,REGPOL-LL,SECSEBAN-AGUILA NEGRA,MOTOCICLETA,2022,HONDA,XRE-300 ABS,ND12E1P750126,9C2ND1210PR750124,GASOLINA,ASBANC,OPERATIVO,OPERAT.,PATRULLAJE
75,PL-25682,EP-7159,REGPOL-LL,SECSEBAN-AGUILA NEGRA,MOTOCICLETA,2022,HONDA,XRE-300 ABS,ND12E2N200486,9C2ND1220NR200445,GASOLINA,DONADO,OPERATIVO,OPERAT.,PATRULLAJE
76,PL-25684,EP-7123,REGPOL-LL,SECSEBAN-AGUILA NEGRA,MOTOCICLETA,2022,HONDA,XRE-300 ABS,ND12E2N200409,9C2ND1220NR200409,GASOLINA,DONADO,OPERATIVO,OPERAT.,PATRULLAJE
77,PL-25687,EP-7121,REGPOL-LL,SECSEBAN-AGUILA NEGRA,MOTOCICLETA,2022,HONDA,XRE-300 ABS,ND12E2N200183,9C2ND1220NR200194,GASOLINA,DONADO,OPERATIVO,OPERAT.,PATRULLAJE
78,PL-25688,EP-7158,REGPOL-LL,SECSEBAN-AGUILA NEGRA,MOTOCICLETA,2022,HONDA,XRE-300 ABS,ND12E2N200105,9C2ND1220NR200115,GASOLINA,DONADO,OPERATIVO,OPERAT.,PATRULLAJE
79,PL-25689,EP-7138,REGPOL-LL,SECSEBAN-AGUILA NEGRA,MOTOCICLETA,2022,HONDA,XRE-300 ABS,ND12E2N200190,9C2ND1220NR200174,GASOLINA,DONADO,OPERATIVO,OPERAT.,PATRULLAJE
80,PG-25900,EP-7255,REGPOL-LL,SECSEBAN-AGUILA NEGRA,MOTOCICLETA,2022,HONDA,XRE-300 ABS,ND12E1P750179,9C2ND1210PR750151,GASOLINA,ASBANC,OPERATIVO,OPERAT.,PATRULLAJE
81,PG-25851,EP-7175,REGPOL-LL,SECSEBAN-AGUILA NEGRA,MOTOCICLETA,2022,HONDA,XRE-300 ABS,ND12E1P750197,9C2ND1210PR750215,GASOLINA,ASBANC,OPERATIVO,OPERAT.,PATRULLAJE
82,PG-25919,EP-7234,REGPOL-LL,SECSEBAN-AGUILA NEGRA,MOTOCICLETA,2022,HONDA,XRE-300 ABS,ND12E1P750149,9C2ND1210PR750126,GASOLINA,ASBANC,OPERATIVO,OPERAT.,PATRULLAJE
83,PG-26315,EPG-360,REGPOL-LL,SECSEBAN-AGUILA NEGRA,CAMIONETA  SUV,2023,HYUNDAI,CRETA,G4FLNV404755,MALPB812APM404058,GASOLINA,ASBANC,OPERATIVO,OPERAT.,PATRULLAJE
84,PG-26317,EPG-354,REGPOL-LL,SECSEBAN-AGUILA NEGRA,CAMIONETA  SUV,2023,HYUNDAI,CRETA,G4FLNV404731,MALPB812APM404061,GASOLINA,ASBANC,OPERATIVO,OPERAT.,PATRULLAJE
85,PL-25683,EP-7130,REGPOL-LL,SECSEBAN-AGUILA NEGRA,MOTOCICLETA,2022,HONDA,XRE-300 ABS,ND12E2N200464,9C2ND1220NR200428,GASOLINA,DONADO,OPERATIVO,OPERAT.,PATRULLAJE
86,PL-25685,EP-7136,REGPOL-LL,SECSEBAN-AGUILA NEGRA,MOTOCICLETA,2022,HONDA,XRE-300 ABS,ND12E2N200471,9C2ND1220NR200434,GASOLINA,DONADO,OPERATIVO,OPERAT.,PATRULLAJE
87,PL-25686,EP-7110,REGPOL-LL,SECSEBAN-AGUILA NEGRA,MOTOCICLETA,2022,HONDA,XRE-300 ABS,ND12E2N200467,9C2ND1220NR200429,GASOLINA,DONADO,OPERATIVO,OPERAT.,PATRULLAJE
88,PG-25949,EP-7467,REGPOL-LL,SECMOTPOL TRUJILLO,MOTOCICLETA,2022,HONDA,XRE 300,ND12E2P201225,9C2ND1220PR201196,GASOLINA,PIP,OPERATIVO,OPERAT.,PATRULLAJE
89,PG-25953,EP-7468,REGPOL-LL,SECMOTPOL TRUJILLO,MOTOCICLETA,2022,HONDA,XRE 300,ND12E2P201214,9C2ND1220PR201186,GASOLINA,PIP,OPERATIVO,OPERAT.,PATRULLAJE
90,PG-25954,EP-7469,REGPOL-LL,SECMOTPOL TRUJILLO,MOTOCICLETA,2022,HONDA,XRE 300,ND12E2P201213,9C2ND1220PR201183,GASOLINA,PIP,OPERATIVO,OPERAT.,PATRULLAJE
91,PG-25952,EP-7470,REGPOL-LL,SECMOTPOL TRUJILLO,MOTOCICLETA,2022,HONDA,XRE 300,ND12E2P201170,9C2ND1220PR201158,GASOLINA,PIP,OPERATIVO,OPERAT.,PATRULLAJE
92,PG-25950,EP-7471,REGPOL-LL,SECMOTPOL TRUJILLO,MOTOCICLETA,2022,HONDA,XRE 300,ND12E2P201205,9C2ND1220PR201178,GASOLINA,PIP,OPERATIVO,OPERAT.,PATRULLAJE
93,PG-14644,EP-2394,REGPOL-LL,SECMOTPOL TRUJILLO,MOTOCICLETA,2012,HONDA,XR-250 TORNADO,MD34ED510129,9C2MD3400DR510129,GASOLINA,ASBANC,OPERATIVO,OPERAT.,PATRULLAJE
94,PL-23851,EP-5822,REGPOL-LL,SECMOTPOL-TRUJILLO,MOTOCICLETA,2017,HONDA,XRE-300 TORNADO,ND12E1J730173,9C2ND1210JR730165,GASOLINA,PNP,OPERATIVO,OPERAT.,PATRULLAJE
95,PG-10911,S/P,REGPOL-LL,UNOPES - ESCUADRON VERDE,MOTOCICLETA,2010,HONDA,XR-250 TORNADO,MD34EA516472,9C2MD3400AR516472,GASOLINA,ASBANC,OPERATIVO,OPERAT.,PATRULLAJE
96,PG-24791,EP-6963,REGPOL-LL,UNOPES - ESCUADRON VERDE,MOTOCICLETA,2013,HONDA,XR-250 TORNADO,8CHMD3400GL600242,MD34EG780236,GASOLINA,MPT,OPERATIVO,OPERAT.,PATRULLAJE
97,PG-24789,EP-6962,REGPOL-LL,UNOPES - ESCUADRON VERDE,MOTOCICLETA,2013,HONDA,XR-250 TORNADO,9C2MDD3400GR510721,MD34EG510721,GASOLINA,MPT,OPERATIVO,OPERAT.,PATRULLAJE
98,PL-17442,EP-3640,REGPOL-LL,UNOPES - ESCUADRON VERDE,MOTOCICLETA,2015,HONDA,CBX-250 TWISTER,MC35EE337339,8CHMC3500EP006746,GASOLINA,PNP,OPERATIVO,OPERAT.,PATRULLAJE
99,KG-9970,POA-381,REGPOL-LL,UNOPES - ESCUADRON VERDE,CAMIONETA  PICK UP,2008,NISSAN,FRONTIER,ZD30-212081K,JN1CNUD229X466185,DIESEL,G/R,OPERATIVO,OPERAT.,PATRULLAJE
100,PL-16129,EPC-211,REGPOL-LL,UNOPES - ESCUADRON VERDE,CAMIONETA  PICK UP,2014,NISSAN,FRONTIER,KA24732706A,3N6DD23T7EK087710,GASOLINA,PNP,OPERATIVO,OPERAT.,PATRULLAJE
101,PG-24785,EPG-256,REGPOL-LL,UNOPES - ESCUADRON VERDE,CAMIONETA  PICK UP,2016,MAZDA,BT50  4X4,P5AT2336176,MM7UR4DF7HW652043,DIESEL,MPT,OPERATIVO,OPERAT.,PATRULLAJE
102,PG-24794,EAA-267,REGPOL-LL,UNOPES - ESCUADRON VERDE,PORTATROPA,2016,FOTON,AUMARK,89854174,LVBV5PBB9GE006975,DIESEL,MPT,OPERATIVO,OPERAT.,PATRULLAJE
103,PL-15916,EPC-444,REGPOL-LL,UNOPES - ESCUADRON VERDE,CAMIONETA  PICK UP,2014,NISSAN,FRONTIER,KA24731891A,3N6DD23T9EK087076,GASOLINA,PNP,OPERATIVO,OPERAT.,PATRULLAJE
104,ML-14948 ,   EGN-958       ,REGPOL-LL,UTSEVI - TRUJILLO,MINIBUS,2013,VOLKSWAGEN,9.150 EOD ,D1A071298 ,9532252RXER344638    ,DIESEL,PNP,OPERATIVO,OPERAT.,PATRULLAJE
105,PG-27552,EP-7894,REGPOL-LL,UTSEVI - TRUJILLO,MOTOCICLETA,2023,YAMAHA,XTZ-250ABS,G3F2E034273,9C6DG2942R0000120,GASOLINA,DONADO ,OPERATIVO,OPERAT.,PATRULLAJE
106,PG-27553,EP-7895,REGPOL-LL,UTSEVI - TRUJILLO,MOTOCICLETA,2023,YAMAHA,XTZ-250ABS,G3F2E034301,9C6DG2949R0000146,GASOLINA,DONADO ,OPERATIVO,OPERAT.,PATRULLAJE
107,PG-27554,EP-7896,REGPOL-LL,UTSEVI - TRUJILLO,MOTOCICLETA,2023,YAMAHA,XTZ-250ABS,G3F2E034293,9C6DG294XR0000138,GASOLINA,DONADO ,OPERATIVO,OPERAT.,PATRULLAJE
108,PG-27555,EP-7897,REGPOL-LL,UTSEVI - TRUJILLO,MOTOCICLETA,2023,YAMAHA,XTZ-250ABS,G3F2E034255,9C6DG2943R0000109,GASOLINA,DONADO ,OPERATIVO,OPERAT.,PATRULLAJE
109,PG-27556,EP-7898,REGPOL-LL,UTSEVI - TRUJILLO,MOTOCICLETA,2023,YAMAHA,XTZ-250ABS,G3F2F034260,9C6DG2941R0000108,GASOLINA,DONADO ,OPERATIVO,OPERAT.,PATRULLAJE
110,PG-27557,EP-7899,REGPOL-LL,UTSEVI - TRUJILLO,MOTOCICLETA,2023,YAMAHA,XTZ-250ABS,G3F2E034264,9C6DG2947R0000114,GASOLINA,DONADO ,OPERATIVO,OPERAT.,PATRULLAJE
111,PG-27558,EP-7900,REGPOL-LL,UTSEVI - TRUJILLO,MOTOCICLETA,2023,YAMAHA,XTZ-250ABS,G3F2E034307,9C6DG2945R0000144,GASOLINA,DONADO ,OPERATIVO,OPERAT.,PATRULLAJE
112,PG-27559,EP-7901,REGPOL-LL,UTSEVI - TRUJILLO,MOTOCICLETA,2023,YAMAHA,XTZ-250ABS,G3F2E034285,9C6DG2946R0000136,GASOLINA,DONADO ,OPERATIVO,OPERAT.,PATRULLAJE
113,PG-27560,EP-7902,REGPOL-LL,UTSEVI - TRUJILLO,MOTOCICLETA,2023,YAMAHA,XTZ-250ABS,G3F2E034256,9C6DG2943R0000112,GASOLINA,DONADO ,OPERATIVO,OPERAT.,PATRULLAJE
114,PG-27561,EP-7903,REGPOL-LL,UTSEVI - TRUJILLO,MOTOCICLETA,2023,YAMAHA,XTZ-250ABS,G3F2E034306,9C6DG2940R0000150,GASOLINA,DONADO ,OPERATIVO,OPERAT.,PATRULLAJE
115,PG-27562,EP-7905,REGPOL-LL,UTSEVI - TRUJILLO,MOTOCICLETA,2023,YAMAHA,XTZ-250ABS,G3F2E034287,9C6DG2949R0000132,GASOLINA,DONADO ,OPERATIVO,OPERAT.,PATRULLAJE
116,PG-27563,EP-7904,REGPOL-LL,UTSEVI - TRUJILLO,MOTOCICLETA,2023,YAMAHA,XTZ-250ABS,G3F2E034280,9C6DG2945R0000127,GASOLINA,DONADO ,OPERATIVO,OPERAT.,PATRULLAJE
117,PG-27564,EP-7906,REGPOL-LL,UTSEVI - TRUJILLO,MOTOCICLETA,2023,YAMAHA,XTZ-250ABS,G3F2E034290,9C6DG2941R0000139,GASOLINA,DONADO ,OPERATIVO,OPERAT.,PATRULLAJE
118,PG-27565,EP-7907,REGPOL-LL,UTSEVI - TRUJILLO,MOTOCICLETA,2023,YAMAHA,XTZ-250ABS,G3F2E034258,9C6DG294XR0000107,GASOLINA,DONADO ,OPERATIVO,OPERAT.,PATRULLAJE
119,PG-27566,EP-7908,REGPOL-LL,UTSEVI - TRUJILLO,MOTOCICLETA,2023,YAMAHA,XTZ-250ABS,G3F2E034261,9C6DG2946R0000119,GASOLINA,DONADO ,OPERATIVO,OPERAT.,PATRULLAJE
120,PG-27567,EP-7909,REGPOL-LL,UTSEVI - TRUJILLO,MOTOCICLETA,2023,YAMAHA,XTZ-250ABS,G3F2E034288,9C6DG2942R0000134,GASOLINA,DONADO ,OPERATIVO,OPERAT.,PATRULLAJE
121,PG-27568,EP-7910,REGPOL-LL,UTSEVI - TRUJILLO,MOTOCICLETA,2023,YAMAHA,XTZ-250ABS,G3F2E034257,9C6DG2946R0000105,GASOLINA,DONADO ,OPERATIVO,OPERAT.,PATRULLAJE
122,PG-27569,EP-7911,REGPOL-LL,UTSEVI - TRUJILLO,MOTOCICLETA,2023,YAMAHA,XTZ-250ABS,G3F2E034259,9C6DG2949R0000115,GASOLINA,DONADO ,OPERATIVO,OPERAT.,PATRULLAJE
123,PG-27570,EP-7912,REGPOL-LL,UTSEVI - TRUJILLO,MOTOCICLETA,2023,YAMAHA,XTZ-250ABS,G3F2E034303,9C6DG2942R0000148,GASOLINA,DONADO ,OPERATIVO,OPERAT.,PATRULLAJE
124,PG-27571,EP-7913,REGPOL-LL,UTSEVI - TRUJILLO,MOTOCICLETA,2023,YAMAHA,XTZ-250ABS,G3F2E034262,9C6DG2941R0000111,GASOLINA,DONADO ,OPERATIVO,OPERAT.,PATRULLAJE
125,PL-17042,EP-3992,REGPOL-LL,UTSEVI - TRUJILLO,MOTOCICLETA,2015,HONDA,CBX-250 TWISTER,MC35EE337391,8CHMC3500EP006935,GASOLINA,PNP,OPERATIVO,OPERAT.,PATRULLAJE
126,PL-17249,EP-3777,REGPOL-LL,UTSEVI - TRUJILLO,MOTOCICLETA,2015,HONDA,CBX-250 TWISTER,MC35EE337797,8CHMC3500FP000211,GASOLINA,PNP,OPERATIVO,OPERAT.,PATRULLAJE
127,PG-24784,EPG-255,REGPOL-LL,CPNP LA FAMILIA,CAMIONETA  PICK UP,2016,MAZDA,BT50  4X4,P5AT2336171,MM7UR4DF3HW652041,DIESEL,MPT,OPERATIVO,OPERAT.,PATRULLAJE
128,PG-27182,EPG-827,REGPOL-LL,CPNP LA NORIA,CAMIONETA  SUV,2024,CHEVROLET,CAPTIVA,LL518P63020211,LZWADAGA4PB0713,GASOLINA,MININTER,OPERATIVO,OPERAT.,PATRULLAJE
129,KG-27586,EPH-054,REGPOL-LL,CPNP LA NORIA,CAMIONETA  PICK UP,2021,NISSAN ,FRONTIER,YD25724649F,3N6CD3389MK806463,DIESEL,PIP,OPERATIVO,OPERAT.,PATRULLAJE
130,KG-27587,EP-7948,REGPOL-LL,CPNP LA NORIA,MOTOCICLETA,2020,YAMAHA,XTZ-250ABS,G3F2E023182,9C6DG2928L0000791,GASOLINA,PIP,OPERATIVO,OPERAT.,PATRULLAJE
131,KG-27588,EP-7949,REGPOL-LL,CPNP LA NORIA,MOTOCICLETA,2020,YAMAHA,XTZ-250ABS,G3F2E023796,9C6DG2926L0001048,GASOLINA,PIP,OPERATIVO,OPERAT.,PATRULLAJE
132,PG-26784,EP-7807,REGPOL-LL,CPNP LA NORIA,MOTOCICLETA,2024,YAMAHA ,FZ25-ABS,G3H7E0160622,ME1RG4284P2003416,GASOLINA,MININTER,OPERATIVO,OPERAT.,PATRULLAJE
133,PG-27178,EPG-770,REGPOL-LL,CPNP AYACUCHO,CAMIONETA  SUV,2024,CHEVROLET,CAPTIVA,LL518P63020212,LZWDAGA5PB071347,GASOLINA,MININTER,OPERATIVO,OPERAT.,PATRULLAJE
134,IG-25477,EP-6978,REGPOL-LL,CPNP AYACUCHO,MOTOCICLETA,2014,BAJAJ,PULSAR,JLZCEH26536,MD2A36FZ2FCH00188,GASOLINA,DONADO,OPERATIVO,OPERAT.,PATRULLAJE
135,PG-25417,EP-6993,REGPOL-LL,CPNP AYACUCHO,MOTOCICLETA,2016,HONDA,CB 250 TWISTER,MC48E0H00028,9C2MC4800HR000076,GASOLINA,DONADO,OPERATIVO,OPERAT.,PATRULLAJE
136,PG-26782,EP-7799,REGPOL-LL,CPNP EL ALAMBRE,MOTOCICLETA,2024,YAMAHA,FZ25-ABS,G3H7E0160619,ME1RG4283P2003407,GASOLINA,MININTER,OPERATIVO,OPERAT.,PATRULLAJE
137,PG-27180,EPG-734,REGPOL-LL,CPNP EL ALAMBRE,CAMIONETA  SUV,2024,CHEVROLET,CAPTIVA,LL518P40920164,LZWADAGA9PB070041,GASOLINA,MININTER,OPERATIVO,OPERAT.,PATRULLAJE
138,PG-25410,EPF-777,REGPOL-LL,CPNP EL ALAMBRE,CAMIONETA  PICK UP,2020,NISSAN,NP300 FRONTIER,YD25698778P,EN6CD33BXLK800556,DIESEL,MPT,OPERATIVO,OPERAT.,PATRULLAJE
139,PG-20014,EGM-308,REGPOL-LL,CPNP BUENOS AIRES,CAMIONETA  PICK UP,2013,TOYOTA ,HILUX 4x4,1KDU360941,MROFZ22G2D1196952,DIESEL,DONADO,OPERATIVO,OPERAT.,PATRULLAJE
140,PG-27179,EPG-776,REGPOL-LL,CPNP BUENOS AIRES,CAMIONETA  SUV,2024,CHEVROLET,CAPTIVA,LL518P40920329,LZWADAGA0PB070042,GASOLINA,MININTER,OPERATIVO,OPERAT.,PATRULLAJE
141,PL-12982,EP-1075,REGPOL-LL,CPNP BUENOS AIRES,MOTOCICLETA,2013,HONDA,XR-250 TORNADO,MD34ED510434,9C2MD3400DR510434,GASOLINA,PNP,OPERATIVO,OPERAT.,PATRULLAJE
142,PL-18128,EP-4437,REGPOL-LL,CPNP BUENOS AIRES,MOTOCICLETA,2015,HONDA,CBX-250 TWISTER,MC35EE338928,8CHMC3500FP001615,GASOLINA,PNP,OPERATIVO,OPERAT.,PATRULLAJE
143,PG-26787,EP-7765,REGPOL-LL,CRPNP HUANCHACO,MOTOCICLETA,2024,YAMAHA,FZ25-ABS,G3H7E0161975,ME1RG4286P2004227,GASOLINA,MININTER,OPERATIVO,OPERAT.,PATRULLAJE
144,PG-27186,EPG-731,REGPOL-LL,CRPNP HUANCHACO,CAMIONETA  SUV,2024,CHEVROLET,CAPTIVA,LL518P51020103,LZWADAGAXPB070453,GASOLINA,MININTER,OPERATIVO,OPERAT.,PATRULLAJE
145,KG-24572,EPG-259,REGPOL-LL,CRPNP HUANCHACO,CAMIONETA  PICK UP,2016,TOYOTA ,HILUX 4x4,1GD0114609,MR0KA8CD7G1421349,DIESEL,MPT,OPERATIVO,OPERAT.,PATRULLAJE
146,KG-24573,EPG-260,REGPOL-LL,CRPNP HUANCHACO,CAMIONETA  PICK UP,2016,TOYOTA ,HILUX 4x4,1GD0116211,MR0KA8CD7G1421352,DIESEL,MPT,OPERATIVO,OPERAT.,PATRULLAJE
147,PG-27189,EPG-733,REGPOL-LL,CSPNP  MOCHE,CAMIONETA  SUV,2024,CHEVROLET,CAPTIVA,LL518P63020033,LZWADAGA2PB071371,GASOLINA,MININTER,OPERATIVO,OPERAT.,PATRULLAJE
148,PL-23932,EP-5941,REGPOL-LL,CSPNP  MOCHE,MOTOCICLETA,2017,HONDA,XRE-300 TORNADO,ND12E1J730351,9C2ND1210JR730349,GASOLINA,PNP,OPERATIVO,OPERAT.,PATRULLAJE
149,PG-27187,EPG-751,REGPOL-LL,CPNP MIRAMAR,CAMIONETA  SUV,2024,CHEVROLET,CAPTIVA,LL518P51020102,LZWADAGA8PB070449,GASOLINA,MININTER,OPERATIVO,OPERAT.,PATRULLAJE
150,PL-21108,EPD-892,REGPOL-LL,CPNP MIRAMAR,CAMIONETA  SUV,2016,SSANG YONG,REXTON,1.62995E+13,KPTG0B19SGP361874,GASOLINA,PNP,OPERATIVO,OPERAT.,PATRULLAJE
151,PG-25418,EP-6992,REGPOL-LL,CPNP SALAVERRY,MOTOCICLETA,2016,HONDA,CB 250 TWISTER,MC48E0H000036,9C2MC4800HR000012,GASOLINA,DONADO,OPERATIVO,OPERAT.,PATRULLAJE
152,PG-25409,EPG-283,REGPOL-LL,CPNP SALAVERRY,CAMIONETA  PICK UP,2017,MAZDA,BT50  4X4,P5AT2512525,MM7UR4DF8JW770785,DIESEL,DONADO,OPERATIVO,OPERAT.,PATRULLAJE
153,PG-25416,EP-6994,REGPOL-LL,CPNP SALAVERRY,MOTOCICLETA,2016,HONDA,CB 250 TWISTER,MC48E0H000021,9C2MC4800HR000081,GASOLINA,DONADO,OPERATIVO,OPERAT.,PATRULLAJE
154,PG-25408,EPG-284,REGPOL-LL,CPNP SALAVERRY,CAMIONETA  PICK UP,2017,MAZDA,BT50  4X4,P5AT2502376,MM7UR4DF2JW764786,DIESEL,DONADO,OPERATIVO,OPERAT.,PATRULLAJE
155,PG-27181,EPG-749,REGPOL-LL,CPNP JERUSALEN/W,CAMIONETA  SUV,2024,CHEVROLET,CAPTIVA,LL518P51620175,LZWADAGA4PB070464,GASOLINA,MININTER,OPERATIVO,OPERAT.,PATRULLAJE
156,PG-26783,EP-7778,REGPOL-LL,CPNP JERUSALEN/W,MOTOCICLETA,2024,YAMAHA,FZ25-ABS,G3H7E0160618,ME1RG428XP2003405,GASOLINA,MININTER,OPERATIVO,OPERAT.,PATRULLAJE
157,TMP-2854,EAG-846,REGPOL-LL,CPNP JERUSALEN/W,CAMIONETA  PICK UP,2021,MITSUBISHI,L200,4N15UHX0875,MMBJJKL10NH053226,DIESEL,MDLE,OPERATIVO,OPERAT.,PATRULLAJE
158,TMP-2853,EAG-845,REGPOL-LL,CPNP BELLAVISTA,CAMIONETA  PICK UP,2021,MITSUBISHI,L200,4N15UHX1150,MMBJJKL10NH053337,DIESEL,MDLE,OPERATIVO,OPERAT.,PATRULLAJE
159,PL-20353,EPD-056,REGPOL-LL,CRPNP EL MILAGRO,CAMIONETA  SUV,2016,SSANG YONG,REXTON,1.63E+13,KPTG0B19SGP359773,GASOLINA,PNP,OPERATIVO,OPERAT.,PATRULLAJE
160,KG-24567,EPG-261,REGPOL-LL,CRPNP EL MILAGRO,CAMIONETA  PICK UP,2016,TOYOTA ,HILUX 4x4,1GD0116187,MR0KA8CD5G1421351,DIESEL,MPT,OPERATIVO,OPERAT.,PATRULLAJE
161,KG-24568,EPG-262,REGPOL-LL,CRPNP EL MILAGRO,CAMIONETA  PICK UP,2016,TOYOTA ,HILUX 4x4,IGD0115529,MR0KA8CD6G1421343,DIESEL,MPT,OPERATIVO,OPERAT.,PATRULLAJE
162,KG-24571,EP-6974,REGPOL-LL,CRPNP EL MILAGRO,MOTOCICLETA,2016,SSENDA,SS250GY-4,LXYJCNL09G0289019,167FMMGG050754,GASOLINA,MPT,OPERATIVO,OPERAT.,PATRULLAJE
163,PG-26786,EP-7793,REGPOL-LL,CPNP FLORENCIA DE MORA,MOTOCICLETA,2024,YAMAHA ,FZ25-ABS,G3H7E0161972,ME1RG4280P2004224,GASOLINA,MININTER,OPERATIVO,OPERAT.,PATRULLAJE
164,PG-27185,EPG-785,REGPOL-LL,CPNP FLORENCIA DE MORA,CAMIONETA  SUV,2024,CHEVROLET,CAPTIVA,LL518P51620086,LZWADAGA8PB070466,GASOLINA,MININTER,OPERATIVO,OPERAT.,PATRULLAJE
165,KG-24569,EPG-279,REGPOL-LL,CPNP FLORENCIA DE MORA,CAMIONETA  PICK UP,2016,TOYOTA ,HILUX 4x4,IGD0115794,MR0KA8CD8G1421344,DIESEL,MPT,OPERATIVO,OPERAT.,PATRULLAJE
166,PG-27183,EPG-779,REGPOL-LL,CPNP NICOLAS ALCAZAR,CAMIONETA  SUV,2024,CHEVROLET,CAPTIVA,LL518P51620102,LZWADAGAXPB074867,GASOLINA,MININTER,OPERATIVO,OPERAT.,PATRULLAJE
167,KG-25541,EP-6991,REGPOL-LL,CPNP NICOLAS ALCAZAR,MOTOCICLETA,2018,HONDA,CB250 TWISTER,MC48E0J000370,9C2MC4800JR000368,GASOLINA,PNP,OPERATIVO,OPERAT.,PATRULLAJE
168,KG-25533,EPG-268,REGPOL-LL,CSPNP SANCHEZ CARRION,CAMIONETA  PICK UP,2019,MAZDA,BT50  4X4,P5AT2720860,MM7URDFXKW916671,DIESEL,DONADO,OPERATIVO,OPERAT.,PATRULLAJE
169,PG-27191,EPG-738,REGPOL-LL,CSPNP SANCHEZ CARRION,CAMIONETA  SUV,2024,CHEVROLET,CAPTIVA,LL518P63020110,LZWADAGA3PB071220,GASOLINA,MININTER,OPERATIVO,OPERAT.,PATRULLAJE
170,KG-25534,EPG-269,REGPOL-LL,CSPNP SANCHEZ CARRION,CAMIONETA  PICK UP,2019,MAZDA,BT50  4X4,P5AT2720192,MM7UR4DF8KW916670,DIESEL,DONADO,OPERATIVO,OPERAT.,PATRULLAJE
171,KG-25535,EP-6986,REGPOL-LL,CSPNP SANCHEZ CARRION,MOTOCICLETA,2018,HONDA,CB250 TWISTER,MC48E0J000365,9C2MC4800JR000361,GASOLINA,DONADO,OPERATIVO,OPERAT.,PATRULLAJE
172,KG-25537,EP-6985,REGPOL-LL,CSPNP SANCHEZ CARRION,MOTOCICLETA,2018,HONDA,CB250 TWISTER,MC48E0J000331,9C2MC4800JR000345,GASOLINA,DONADO,OPERATIVO,OPERAT.,PATRULLAJE
173,KG-25538,EP-6984,REGPOL-LL,CSPNP SANCHEZ CARRION,MOTOCICLETA,2018,HONDA,CB250 TWISTER,MC48E0J000366,9C2MC4800JR000366,GASOLINA,DONADO,OPERATIVO,OPERAT.,PATRULLAJE
174,PG-26785,EP-7772,REGPOL-LL,CPNP ALTO TRUJILLO,MOTOCICLETA,2024,YAMAHA,FZ25-ABS,G3H7E0160586,ME1RG428XP2003422,GASOLINA,MININTER,OPERATIVO,OPERAT.,PATRULLAJE
175,PG-27184,EPG-845,REGPOL-LL,CPNP ALTO TRUJILLO,CAMIONETA  SUV,2024,CHEVROLET,CAPTIVA,LL518PS1620189,LZWADAGA0PB070462,GASOLINA,MININTER,OPERATIVO,OPERAT.,PATRULLAJE
176,GK-26823,EPG-481,REGPOL-LL,CSPNP  LAREDO,CAMIONETA  PICK UP,2024,TOYOTA,HI LUX 4X2,2GDG377729,8AJCB3DDGR3914835,DISEL,REPOSICION DE SEGURO TODO RIESGO,OPERATIVO,OPERAT.,PATRULLAJE
177,PG-27188,EPG-794,REGPOL-LL,CSPNP  LAREDO,CAMIONETA  PICK UP,2024,CHEVROLET,CAPTIVA,LL518P63020121,LZWADAGA7PB071219,GASOLINA,MININTER,OPERATIVO,OPERAT.,PATRULLAJE
178,PL-12494,EP-0865,REGPOL-LL,CSPNP  LAREDO,MOTOCICLETA,2012,HONDA,CBX-250 TWISTER,MC35ED350058,9C2MC3505DR350058,GASOLINA,PNP,OPERATIVO,OPERAT.,PATRULLAJE
179,PL-23812,EP-6438,REGPOL-LL,CSPNP  LAREDO,MOTOCICLETA,2017,HONDA,XRE-300 TORNADO,ND12E1J730330,9C2ND1210JR730328,GASOLINA,PNP,OPERATIVO,OPERAT.,PATRULLAJE
180,KG-24563,EPG-270,REGPOL-LL,CRPNP SIMBAL,CAMIONETA  PICK UP,2014,TOYOTA ,HILUX 4x4,1KDU626915,MR0FZ22G6F1087283,DIESEL,DONADO,OPERATIVO,OPERAT.,PATRULLAJE
181,PL-24100,EP-5996,REGPOL-LL,CRPNP POROTO,MOTOCICLETA,2017,HONDA,XRE-300 TORNADO,ND12E1J730302,9C2ND1210JR730290,GASOLINA,PNP,OPERATIVO,OPERAT.,PATRULLAJE
182,PG-27190,EPG807,REGPOL-LL,CRPNP POROTO,CAMIONETA  PICK UP,2024,CHEVROLET,CAPTIVA,LL518P40920270,LZWADAGA8PB069995,GASOLINA,MININTER,OPERATIVO,OPERAT.,PATRULLAJE
183,PG-27761,EPH-192,REGPOL-LL,CRPNP CHAO,CAMIONETA  PICK UP,2024,TOYOTA,HILUX 4x4,1GD-G490038,8AJKA3CD6S3128801,DIESEL,GR,OPERATIVO,OPERAT.,PATRULLAJE
184,PG-27819,EPH-212,REGPOL-LL,CRPNP CHAO,CAMIONETA  PICK UP,2024,TOYOTA,HILUX 4x4,1GD-G497793,8AJKA3CD2S3129847,DIESEL,GR,OPERATIVO,OPERAT.,PATRULLAJE
185,PL-15907,EPC-477,REGPOL-LL,CRPNP CHAO,CAMIONETA  PICK UP,2014,NISSAN,FRONTIER,KA24731451A,3N6DD23T8EK086551,GASOLINA,PNP,OPERATIVO,OPERAT.,PATRULLAJE
186,PL-16030,EPC-485,REGPOL-LL,CPNP GUADALUPITO ,CAMIONETA  PICK UP,2014,NISSAN,FRONTIER,KA24730823A,3N6DD23T1EK086049,GASOLINA,PNP,OPERATIVO,OPERAT.,PATRULLAJE
187,PG-27760,EPH-202,REGPOL-LL,DIVINCRI DEPINCRI VIRU,CAMIONETA  PICK UP,2024,TOYOTA,HILUX 4x4,1GD-G491975,8AJKA3CDXS3129076,DIESEL,GR,OPERATIVO,OPERAT.,PATRULLAJE
188,PL-15887,EPC-376,REGPOL-LL,DIVINCRI DEPINCRI VIRU,CAMIONETA  PICK UP,2014,NISSAN,FRONTIER,KA24733329A,3N6DD23T5EK088161,GASOLINA,PNP,OPERATIVO,OPERAT.,PATRULLAJE
189,PL-15899,EPC-416,REGPOL-LL,CPNP VICTOR RAUL HALLA DE LA T ,CAMIONETA  PICK UP,2014,NISSAN,FRONTIER,KA24729842A,3N6DD23T9EK085179,GASOLINA,PNP,OPERATIVO,OPERAT.,PATRULLAJE
190,PL-15924,EPC-475,REGPOL-LL,CPNP VICTOR RAUL HALLA DE LA T ,CAMIONETA  PICK UP,2014,NISSAN,FRONTIER,KA24731105A,3N6DD23T9EK086252,GASOLINA,PNP,OPERATIVO,OPERAT.,PATRULLAJE
191,PG-27762,EPH-179,REGPOL-LL,CRS PNP VIRU,CAMIONETA  PICK UP,2024,TOYOTA,HILUX 4x4,1GD-G494307,8AJKA3CDXS3129384,DIESEL,GR,OPERATIVO,OPERAT.,PATRULLAJE
192,PG-27763,EPH-195,REGPOL-LL,CRS PNP VIRU,CAMIONETA  PICK UP,2024,TOYOTA,HILUX 4x4,1GD-G492615,8AJKA3CD2S3129167,DIESEL,GR,OPERATIVO,OPERAT.,PATRULLAJE
193,KG-27589,EP-7942,REGPOL-LL,CRS PNP VIRU,MOTOCICLETA,2023,HONDA,XR 190 CT,MD43E3017242,LALMD4395P3260896,GASOLINA,DONADO,OPERATIVO,OPERAT.,PATRULLAJE
194,KG-27590,EP-7939,REGPOL-LL,CRS PNP VIRU,MOTOCICLETA,2023,HONDA,XR 190 CT,MD43E3016300,LALMD4395P3260283,GASOLINA,DONADO,OPERATIVO,OPERAT.,PATRULLAJE
195,KG-27591,EP-7941,REGPOL-LL,CRS PNP VIRU,MOTOCICLETA,2023,HONDA,XR 190 CT,MD43E3017281,LALMD4394P3260923,GASOLINA,DONADO,OPERATIVO,OPERAT.,PATRULLAJE
196,KG-27592,EP-7940,REGPOL-LL,CRS PNP VIRU,MOTOCICLETA,2023,HONDA,XR 190 CT,MD43E30163220,LALMD4393P3260234,GASOLINA,DONADO,OPERATIVO,OPERAT.,PATRULLAJE
197,KG-24316,EPF-742,REGPOL-LL,CRS PNP PAIJAN,CAMIONETA  PICK UP,2018,VOLKSWAGEN,AMAROK,CN110672,VW1ZZZ2HZJA033094,DIESEL,MININTER,OPERATIVO,OPERAT.,PATRULLAJE
198,KG-24318,EPF-744,REGPOL-LL,CRS PNP PAIJAN,CAMIONETA  PICK UP,2018,VOLKSWAGEN,AMAROK,CN110729,VW1ZZZ2HZJA033208,DIESEL,MININTER,OPERATIVO,OPERAT.,PATRULLAJE
199,KG-24305,EPF-731,REGPOL-LL,DPTO.EMERGENCIA PAIJAN,CAMIONETA  PICK UP,2018,VOLKSWAGEN,AMAROK,CN110439,VW1ZZZ2HZJA030072,DIESEL,MININTER,OPERATIVO,OPERAT.,PATRULLAJE
200,KG-24313,EPF-739,REGPOL-LL,DPTO.EMERGENCIA PAIJAN,CAMIONETA  PICK UP,2018,VOLKSWAGEN,AMAROK,CN110627,VW1ZZZ2HZJA032982,DIESEL,MININTER,OPERATIVO,OPERAT.,PATRULLAJE
201,KG-24306,EPF-732,REGPOL-LL,DPTO.EMERGENCIA PAIJAN,CAMIONETA  PICK UP,2018,VOLKSWAGEN,AMAROK,CN110484,VW1ZZZ2HZJA030645,DIESEL,MININTER,OPERATIVO,OPERAT.,PATRULLAJE
202,PL-24101,EP-6451,REGPOL-LL,DPTO.TRANSITO-PAIJAN,MOTOCICLETA,2017,HONDA,XRE-300 TORNADO,ND12E1J730145,9C2ND1210JR730141,GASOLINA,MININTER,OPERATIVO,OPERAT.,PATRULLAJE
203,KG-24336,EP-6613,REGPOL-LL,DPTO.TRANSITO-PAIJAN,MOTOCICLETA,2017,YAMAHA,XT250,GEA9E009779,JYADG24E0HA007351,GASOLINA,MININTER,OPERATIVO,OPERAT.,PATRULLAJE
204,KG-24340,EP-6607,REGPOL-LL,DPTO.TRANSITO-PAIJAN,MOTOCICLETA,2017,YAMAHA,XT250,GEA9E009792,JYADG24E0HA007364,GASOLINA,MININTER,OPERATIVO,OPERAT.,PATRULLAJE
205,KG-24342,EP-6610,REGPOL-LL,DPTO.TRANSITO-PAIJAN,MOTOCICLETA,2017,YAMAHA,XT250,GEA9E009774,JYADG24E0HA007345,GASOLINA,MININTER,OPERATIVO,OPERAT.,PATRULLAJE
206,KG-24343,EP-6616,REGPOL-LL,DPTO.TRANSITO-PAIJAN,MOTOCICLETA,2017,YAMAHA,XT250,GEA9E009775,JYADG24E0HA007346,GASOLINA,MININTER,OPERATIVO,OPERAT.,PATRULLAJE
207,KG-24335,EP-6612,REGPOL-LL,DPTO.TRANSITO-PAIJAN,MOTOCICLETA,2017,YAMAHA,XT250,GEA9E009785,JYADG24E0HA007357,GASOLINA,MININTER,OPERATIVO,OPERAT.,PATRULLAJE
208,KG-24341,EP-6611,REGPOL-LL,DPTO.TRANSITO-PAIJAN,MOTOCICLETA,2017,YAMAHA,XT250,GEA9E009812,JYADG24E0HA007368,GASOLINA,MININTER,OPERATIVO,OPERAT.,PATRULLAJE
209,KG-24479,EPF-774,REGPOL-LL,DIVINCRI DEPINCRI-PAIJAN,AUTOMOVIL,2017,VOLKSWAGEN,JETTA       TRENDLINE 2.0,CBP762959,3VW151AJ6HM363508,GASOLINA,MININTER,OPERATIVO,OPERAT.,OPERATIVO
210,KG-24319,EPF-745,REGPOL-LL,DIVINCRI DEPINCRI-PAIJAN,CAMIONETA  PICK UP,2018,VOLKSWAGEN,AMAROK,CN111192,VW1ZZZ2HZJA032118,DIESEL,MININTER,OPERATIVO,OPERAT.,OPERATIVO
211,KG-24480,EPF-772,REGPOL-LL,DIVINCRI DEPINCRI-PAIJAN,AUTOMOVIL,2017,VOLKSWAGEN,JETTA       TRENDLINE 2.0,CBP766175,3VW151AJXHM391106,GASOLINA,MININTER,OPERATIVO,OPERAT.,OPERATIVO
212,PL-16138,EPC-349,REGPOL-LL,CRPNP SAUSAL,CAMIONETA  PICK UP,2014,NISSAN,FRONTIER,KA24729656A,3N6DD23T8EK084976,GASOLINA,PNP,OPERATIVO,OPERAT.,OPERATIVO
213,PG-27759,EPH-196,REGPOL-LL,CRS PNP ASCOPE,CAMIONETA  PICK UP,2024,TOYOTA ,HILUX 4x4,1GD-G497721,8AJKA3CD3S3129839,DIESEL,GR,OPERATIVO,OPERAT.,PATRULLAJE
214,KG-24310,EPF-736,REGPOL-LL,CRS PNP ASCOPE,CAMIONETA  PICK UP,2018,VOLKSWAGEN,AMAROK,CN111156,VW1ZZZ2HZJA032303,DIESEL,MININTER,OPERATIVO,OPERAT.,PATRULLAJE
215,PG-27756,EPH-198,REGPOL-LL,CRPNP CASAGRANDE,CAMIONETA  PICK UP,2024,TOYOTA ,HILUX 4x4,1GD-G497539,8AJKA3CD3S3129808,DIESEL,GR,OPERATIVO,OPERAT.,PATRULLAJE
216,PG-16370 ,EGJ-237,REGPOL-LL,CRPNP CASAGRANDE,CAMIONETA  PICK UP,2012,NISSAN,NAVARA,YD25 -461913T,MNTVCUD40D6010308,DIESEL,DONADO,OPERATIVO,OPERAT.,PATRULLAJE
217,KG-27575,EP-7944,REGPOL-LL,CRPNP CASAGRANDE,MOTOCICLETA,2022,VELOMAS,JIM200GY3CX,163FML8M600064,LJCJCMLS2NWX02084,GASOLINA,DONADO,OPERATIVO,OPERAT.,PATRULLAJE
218,PG-27410,3909-DT,REGPOL-LL,CRPNP CASAGRANDE,MOTOCICLETA,2022,EVANS,FURIOUS 200,163FMLN3052624,LAAVJKMA4NM001343,GASOLINA,DONADO,OPERATIVO,OPERAT.,PATRULLAJE
219,KG-27573,EP-7945,REGPOL-LL,CRPNP ROMA,MOTOCICLETA,2023,EVANS,NEW IMPERIO 250,167FMMPD080455,LUAHGMBB8R1000148,GASOLINA,DONADO,OPERATIVO,OPERAT.,PATRULLAJE
220,KG-27574,EP-7946,REGPOL-LL,CRPNP ROMA,MOTOCICLETA,2023,EVANS,NEW IMPERIO 251,167FMMPD0804542,LUAHGMBB8R1000134,GASOLINA,DONADO,OPERATIVO,OPERAT.,PATRULLAJE
221,PG-27757,EPH-180,REGPOL-LL,CRPNP CHICAMA,CAMIONETA  PICK UP,2024,TOYOTA ,HILUX 4x4,1GD-G497428,8AJKA3CD3S3129792,DIESEL,GR,OPERATIVO,OPERAT.,PATRULLAJE
222,KG-6166,PIK-912,REGPOL-LL,CRPNP RAZURI,CAMIONETA  PICK UP,2003,TOYOTA,HILUX 4x2,2RZ2995972,JTFDL626030007944,GASOLINA,DONADO,OPERATIVO,OPERAT.,PATRULLAJE
223,PG-27758,EPH-184,REGPOL-LL,CRPNP CHICLIN,CAMIONETA  PICK UP,2024,TOYOTA ,HILUX 4x4,1GD-G489264,8AJKA3CD4S3128621,DIESEL,GR,OPERATIVO,OPERAT.,PATRULLAJE
224,KG-24562,S/N,REGPOL-LL,CRPNP CHICLIN,MOTOCICLETA,2016,BOXER,BM 150X,PFZWGJ88072,MD2A21BZ5HWJ48065,GASOLINA,MININTER,OPERATIVO,OPERAT.,PATRULLAJE
225,KG-24334,EP-6617,REGPOL-LL,CRPNP CARTAVIO,MOTOCICLETA,2017,YAMAHA,XT250,GEA9E009776,JYADG24E0HA007347,GASOLINA,MININTER,OPERATIVO,OPERAT.,PATRULLAJE
226,KG-24317,EPF-743,REGPOL-LL,CRPNP SANTIAGO DE CAO,CAMIONETA  PICK UP,2018,VOLKSWAGEN,AMAROK,CN110696,VW1ZZZ2HZJA033187,DIESEL,MININTER,OPERATIVO,OPERAT.,PATRULLAJE
227,PL-16175,EPC-263, DIV MEDIO AMBIENTE,CRPNP MAGDALENA DE CAO,CAMIONETA  PICK UP,2014,NISSAN,FRONTIER,KA24732579A,3N6DD23T3EK087526,GASOLINA,PNP,OPERATIVO,OPERAT.,PATRULLAJE
228,KG-24344,EW-3090,REGPOL-LL,CRPNP MAGDALENA DE CAO,MOTOCICLETA,2017,YAMAHA,XT250,GEA9E009810,JYADG24E0HA007366,GASOLINA,MININTER,OPERATIVO,OPERAT.,PATRULLAJE
229,PL-7736,PQU-522,REGPOL-LL,CRSPNP PACASMAYO,CAMIONETA  PICK UP,2008,TOYOTA,HILUX 4x2,2KD7575725,MROER32G487003768,DIESEL,PNP,OPERATIVO,OPERAT.,PATRULLAJE
230,PL-17505,EP-3633,REGPOL-LL,CRSPNP PACASMAYO,MOTOCICLETA,2015,HONDA,CBX-250 TWISTER,MC35EE337247,8CHMC3500EP006706,GASOLINA,PNP,OPERATIVO,OPERAT.,PATRULLAJE
231,PL-19244,EP-5120,REGPOL-LL,CRSPNP PACASMAYO,MOTOCICLETA,2016,HONDA,CBX-250 TWISTER,MC35E-G400245,9C2MC3508GR400245,GASOLINA,PNP,OPERATIVO,OPERAT.,PATRULLAJE
232,PL-19278,EP-5048,REGPOL-LL,CRSPNP PACASMAYO,MOTOCICLETA,2016,HONDA,CBX-250 TWISTER,MC35E-G400237,9C2MC3509GR400237,GASOLINA,PNP,OPERATIVO,OPERAT.,PATRULLAJE
233,PL-19456,EPC-561,REGPOL-LL,CRSPNP PACASMAYO,CAMIONETA  PICK UP,2015,NISSAN,FRONTIER,KA24-814409A,3N6DD23X6FK050068,GASOLINA,ASBANC,OPERATIVO,OPERAT.,PATRULLAJE
234,PL-15843,EPC-451,REGPOL-LL,CRSPNP PACASMAYO,CAMIONETA  PICK UP,2014,NISSAN,FRONTIER,KA24733095A,3N6DD23T2EK087890,GASOLINA,PNP,OPERATIVO,OPERAT.,PATRULLAJE
235,PL-23937,EP-6263,REGPOL-LL,CRSPNP PACASMAYO,MOTOCICLETA,2017,HONDA,XRE-300 TORNADO,ND12E1J730242,9C2ND1210JR730238,GASOLINA,PNP,OPERATIVO,OPERAT.,PATRULLAJE
236,PL-16045,EPC-296,REGPOL-LL,CRSPNP PACASMAYO,CAMIONETA  PICK UP,2014,NISSAN,FRONTIER,KA24728988A,3N6DD23T1EK084401,GASOLINA,PNP,OPERATIVO,OPERAT.,PATRULLAJE
237,PL-19457,EPC-560,REGPOL-LL,CRSPNP PACASMAYO,CAMIONETA  PICK UP,2015,NISSAN,FRONTIER,KA24-813587A,3N6DD23X8FK049472,GASOLINA,ASBANC,OPERATIVO,OPERAT.,PATRULLAJE
238,KG-9906,COQ-434,REGPOL-LL,DIVINCRI DEPINCRI PACASMAYO,AUTOMOVIL,2008,NISSAN,ALMERA,QG16-229349P,KNMC4C2HM9P727991,GASOLINA,G/R,OPERATIVO,OPERAT.,PATRULLAJE
239,PL-15846,EPC-379,REGPOL-LL,DIVINCRI DEPINCRI PACASMAYO,CAMIONETA  PICK UP,2014,NISSAN,FRONTIER,KA24733091A,3N6DD23T3EK088059,GASOLINA,PNP,OPERATIVO,OPERAT.,OPERATIVO
240,GK-26822,EPG-480,REGPOL-LL,DIVINCRI DEPINCRI PACASMAYO,CAMIONETA  PICK UP,2024,TOYOTA,HILUX 4x2,2GDG377729,8AJCB3DD6R3914835,DIESEL,REPOSICION DE SEGURO TODO RIESGO,OPERATIVO,OPERAT.,OPERATIVO
241,PL-7702,PQU-535,REGPOL-LL,CRPNP  SAN PEDRO DE LLOC,CAMIONETA  PICK UP,2008,TOYOTA,HILUX 4x2,2KD7571353,MROER376486000925,DIESEL,PNP,OPERATIVO,OPERAT.,OPERATIVO
242,KG-25937,EP-7172,REGPOL-LL,CRPNP  SAN PEDRO DE LLOC,MOTOCICLETA,2023,WANXIN,WX200GY-8E,WX169FML21A09572,LHJYJLLA0MB439277,GASOLINA,DONADO,OPERATIVO,OPERAT.,PATRULLAJE
243,KG-27384,EP-7816,REGPOL-LL,CRPNP  GUADALUPE,MOTOCICLETA,2024,HONDA,XR300,ND12E2P101532,9C2ND1220PR101568,GASOLINA,MININTER,OPERATIVO,OPERAT.,PATRULLAJE
244,PG-18818,S/N,REGPOL-LL,CRPNP  GUADALUPE,MOTOCICLETA,2013,SLONG,SL150-A,162FMJ12057071,LZXHDKZ17C0821771,GASOLINA,PNP,OPERATIVO,OPERAT.,PATRULLAJE
245,PL-20639,EPD-422,REGPOL-LL,CRPNP  GUADALUPE,CAMIONETA  SUV,2016,SSANG YONG,REXTON,1.62995E+13,KPTG0B19SGP360628,GASOLINA,PNP,OPERATIVO,OPERAT.,PATRULLAJE
246,PL-16188,EPC-166,REGPOL-LL,CRPNP  GUADALUPE,CAMIONETA  PICK UP,2014,NISSAN,FRONTIER,KA24731387A,3N6DD23T4EK086482,GASOLINA,PNP,OPERATIVO,OPERAT.,PATRULLAJE
247,TMP-2850,T4P-115,REGPOL-LL,CRPNP  GUADALUPE,AUTOMOVIL,2017,TOYOTA,ETIOS,2NR4186280,9BRB29BT3J2196352,GASOLINA,PRONABI,OPERATIVO,OPERAT.,PATRULLAJE
248,PL-14214,EP-1573,REGPOL-LL,C. RURAL ZONAL PNP CHEPEN,MOTOCICLETA,2013,HONDA ,XR-125 L,JD21E2109920,LTMJD2193E5201312,GASOLINA,PNP,OPERATIVO,OPERAT.,PATRULLAJE
249,PL-16974,EP-2943,REGPOL-LL,C. RURAL ZONAL PNP CHEPEN,MOTOCICLETA,2014,HONDA,CBX-250 TWISTER,MC35EE334658,8CHMC3500EP004536,GASOLINA,PNP,OPERATIVO,OPERAT.,PATRULLAJE
250,PL-11694,EPA-796,REGPOL-LL,C. RURAL ZONAL PNP CHEPEN,CAMIONETA  SUV,2013,HYUNDAI,STA. FE,G4KEDU058525,KMHST81CADU157369,GASOLINA,PNP,OPERATIVO,OPERAT.,PATRULLAJE
251,PL-16049,EPC-369,REGPOL-LL,C. RURAL ZONAL PNP CHEPEN,CAMIONETA  PICK UP,2014,NISSAN,FRONTIER,KA24729621A,3N6DD23T1EK084947,GASOLINA,PNP,OPERATIVO,OPERAT.,PATRULLAJE
252,PL-15857,EPC-286,REGPOL-LL,C. RURAL ZONAL PNP CHEPEN,CAMIONETA  PICK UP,2014,NISSAN,FRONTIER,KA24733189A,3N6DD23TXEK088012,GASOLINA,PNP,OPERATIVO,OPERAT.,PATRULLAJE
253,PL-16005,EPC-288,REGPOL-LL,DIVINCRI DEPINCRI-CHEPEN,CAMIONETA  PICK UP,2014,NISSAN,FRONTIER,KA24734256A,3N6DD23T8EK088946,GASOLINA,PNP,OPERATIVO,OPERAT.,PATRULLAJE
254,KG-9976,POA-382,REGPOL-LL,CRPNP PUEBLO NUEVO,CAMIONETA  PICK UP,2008,NISSAN,FRONTIER,ZD30-208396K,JN1CNUD229X466032,DIESEL,G/R,OPERATIVO,OPERAT.,PATRULLAJE
255,KG-25648,1748-ZM,REGPOL-LL,CPNP PACANGUILLA,MOTOCICLETA,2020,LIFAN,LF 150 GY-4,161FMJL1178418,LF3UCK405LA101663,GASOLINA,MDP,OPERATIVO,OPERAT.,PATRULLAJE
256,PL-14218,EP-1610,REGPOL-LL,CPNP PACANGUILLA,MOTOCICLETA,2013,HONDA ,XR-125 L,JD21E2109352,LTMJD2193E5201228 ,GASOLINA,PNP,OPERATIVO,OPERAT.,PATRULLAJE
257,PG-10960,S/P,REGPOL-LL,CPNP PACANGUILLA,CAMIONETA  PICK UP,2010,NISSAN,FRONTIER,162FMJ12057155,3N6DD23T1BK010424,GASOLINA,ASBANC,OPERATIVO,OPERAT.,PATRULLAJE
258,PL-14059,EP-1606,REGPOL-LL,CRPNP TALAMBO,MOTOCICLETA,2013,HONDA ,XR-125 L,JD21E2109547,LTMJD2198E5201080,GASOLINA,PNP,OPERATIVO,OPERAT.,PATRULLAJE
259,PL-24111,EP-6562,REGPOL-LL,CRPNP PACANGA,MOTOCICLETA,2017,HONDA,XRE-300 TORNADO,ND12E1J730291,9C2ND1210JR730284,GASOLINA,PNP,OPERATIVO,OPERAT.,PATRULLAJE
260,KG-25649,EW-7759,REGPOL-LL,CRPNP PACANGA,MOTOCICLETA,2020,LIFAN,LF 150 GY-4,161FMJL1178433,LF3UCK407LA101678,GASOLINA,MDP,OPERATIVO,OPERAT.,PATRULLAJE
261,PL-23895,EP-5898,REGPOL-LL,CRPNP JEQUETEPEQUE,MOTOCICLETA,2017,HONDA,XRE-300 TORNADO,ND12E1J730229,9C2ND1210JR730224,GASOLINA,PNP,OPERATIVO,OPERAT.,PATRULLAJE
262,PG-25419,EP-6939,REGPOL-LL,CPNP R. C DE DIOS,MOTOCICLETA,2018,YAMAHA,FZ 250,G3H7E0046300, ME1RG4255J2009285,GASOLINA,DONADO,OPERATIVO,OPERAT.,PATRULLAJE
263,PL-14240,EP-1548,REGPOL-LL,CPNP R. C DE DIOS,MOTOCICLETA,2013,HONDA ,XR-125 L,JD21E2109836,LTMJD2192E5201219,GASOLINA,PNP,OPERATIVO,OPERAT.,PATRULLAJE
264,PL-16199,EPC-404,REGPOL-LL,C. RURAL ZONAL PNP-JULCAN,CAMIONETA  PICK UP,2014,NISSAN,FRONTIER,KA24730104A,3N6DD23T5EK085423,GASOLINA,PNP,OPERATIVO,OPERAT.,PATRULLAJE
265,PL-16139,EPC-508,REGPOL-LL,CRS PNP OTUZCO,CAMIONETA  PICK UP,2014,NISSAN,FRONTIER,KA24729973A,3N6DD23T8EK085304,GASOLINA,PNP,OPERATIVO,OPERAT.,PATRULLAJE
266,TMP-2950,EGF-102,REGPOL-LL,CRS PNP OTUZCO,CAMIONETA  PICK UP,2024,TOYOTA,HILUX 4x4,1KD5407913,MROFZ29G4B1628038,DISSEL,MPOTUZCO,OPERATIVO,OPERAT.,PATRULLAJE
267,PL-14201,EP-1692,REGPOL-LL,CRS PNP OTUZCO,MOTOCICLETA,2013,HONDA ,XR-125 L,JD21E2109997,LTMJD2195E5201425,GASOLINA,PNP,OPERATIVO,OPERAT.,PATRULLAJE
268,PL-14179,EP- 1637,REGPOL-LL,CRS PNP OTUZCO,MOTOCICLETA,2013,HONDA ,XR-125 L,JD21E2109835,LTMJD2199E5201153,GASOLINA,PNP,OPERATIVO,OPERAT.,PATRULLAJE
269,PL-12586,EP-0925,REGPOL-LL,CRS PNP OTUZCO,MOTOCICLETA,2012,HONDA,XR-250 TORNADO,MD34EC514570,9C2MD3400CR514570,GASOLINA,PNP,OPERATIVO,OPERAT.,PATRULLAJE
270,PL-17516,EP-3703,REGPOL-LL,CRS PNP OTUZCO,MOTOCICLETA,2015,HONDA,CBX-250 TWISTER,MC35EE337659,8CHMC3500EP006887,GASOLINA,PNP,OPERATIVO,OPERAT.,PATRULLAJE
271,TMP-2851,T9P-899,REGPOL-LL,CRPNP USQUIL,CAMIONETA PICK UP,2018,MITSUBISHI,L200,4D56UAT5992,MMBJNKL30JH045794,DIESEL,PRONABI,OPERATIVO,OPERAT.,PATRULLAJE
272,PL-12592,EP-0920,REGPOL-LL,CRPNP CHARAT,MOTOCICLETA,2012,HONDA,XR-250 TORNADO,MD34EC514760,9C2MD3400CR514760,GASOLINA,PNP,OPERATIVO,OPERAT.,PATRULLAJE
273,KG-9974,POA-383,REGPOL-LL,OPC-HUAMACHUCO,CAMIONETA  PICK UP,2008,NISSAN,FRONTIER,ZD30-208403K,JN1CNUD229X466039,DIESEL,G/R,OPERATIVO,OPERAT.,PATRULLAJE
274,PL-15233,EPB-699,IIIMRP-LL,DIVPOL-HUAMACHUCO,CAMIONETA  PICK UP,2014,NISSAN,NAVARA,YD25552694T ,MNTCCUD40E6601491,DIESEL,PNP,OPERATIVO,OPERAT.,PATRULLAJE
275,PL-16145,EPC-412,REGPOL-LL,CRPNP HUAMACHUCO,CAMIONETA  PICK UP,2014,NISSAN,FRONTIER,KA24731628A,3N6DD23T7EK086718,GASOLINA,PNP,OPERATIVO,OPERAT.,PATRULLAJE
276,PL-19209,EP-5249,REGPOL-LL,CRPNP HUAMACHUCO,MOTOCICLETA,2016,HONDA,CBX-250 TWISTER,MC35E-G400284,9C2MC3507GR400284,GASOLINA,PNP,OPERATIVO,OPERAT.,PATRULLAJE
277,PL-19219,EP-5248,REGPOL-LL,CRPNP HUAMACHUCO,MOTOCICLETA,2016,HONDA,CBX-250 TWISTER,MC35E-G400382,9C2MC3507GR400382,GASOLINA,PNP,OPERATIVO,OPERAT.,PATRULLAJE
278,KG-27382,EPG-957,REGPOL-LL,CRPNP LLACUABAMBA,CAMIONETA  PICK UP,2024,TOYOTA,HILUX 4x4,1GDG400832,8AJKA3CD5R3113538,DIESEL,MININTER,OPERATIVO,OPERAT.,PATRULLAJE
279,KG-27381,EPG-939,REGPOL-LL,CRPNP RETAMAS,CAMIONETA  PICK UP,2024,TOYOTA,HILUX 4x4,1GDG400927,8AJKA3CDXR3113552,DIESEL,MININTER,OPERATIVO,OPERAT.,PATRULLAJE
280,KG-27385,EP-7827,REGPOL-LL,CRPNP CHILLIA,MOTOCICLETA,2024,HONDA,XR300,ND12E2P101510,9C2ND1220PR101585,GASOLINA,MININTER,OPERATIVO,OPERAT.,PATRULLAJE
281,KG-27380,EPG-958,REGPOL-LL,CRPNP CHAGUAL,CAMIONETA  PICK UP,2024,TOYOTA,HILUX 4x4,1GDG395942,8AJKA3CD1R3112998,DIESEL,MININTER,OPERATIVO,OPERAT.,PATRULLAJE
282,PL-12591,EP-1009,REGPOL-LL,D.M.PNP CHUGAY,MOTOCICLETA,2013,HONDA,XR-250 TORNADO,MD34EC514759,9C2MD3400CR514759,GASOLINA,PNP,OPERATIVO,OPERAT.,PATRULLAJE
283,KG-27383,EPG-961,REGPOL-LL,CRPNP VIJUS,CAMIONETA  PICK UP,2024,TOYOTA,HILUX 4x4,1GDG400802,8AJKA3CD6R3113533,DIESEL,MININTER,OPERATIVO,OPERAT.,PATRULLAJE
284,PL-15274,EPB-675,REGPOL-LL,CRPNP BOLIVAR,CAMIONETA  PICK UP,2014,NISSAN,NAVARA,YD25552011T,MNTCCUD40E6601444   ,DIESEL,PNP,OPERATIVO,OPERAT.,PATRULLAJE
285,PL-12642,EP-0967,REGPOL-LL,CRPNP BOLIVAR,MOTOCICLETA,2012,HONDA,XR-250 TORNADO,MD34EC517864,9C2MD3400CR517864,GASOLINA,PNP,OPERATIVO,OPERAT.,PATRULLAJE
286,PG-25948,EPG-335,REGPOL-LL,CRPNP UCHUMARCA,CAMIONETA  PICK UP,2022,SSANG YONG,MUSSO,C67296010519655,KPAX62EESPP174094,DIESEL,PIP,OPERATIVO,OPERAT.,PATRULLAJE
287,PG-25951,EP-7466,REGPOL-LL,CRPNP UCHUMARCA,MOTOCICLETA,2022,HONDA,XRE 300,ND12E2P201376,9C2ND1220PR201355,GASOLINA,PIP,OPERATIVO,OPERAT.,PATRULLAJE
288,PL-16038,EPC-169,REGPOL-LL,PAR. HUALANGA,CAMIONETA  PICK UP,2014,NISSAN,FRONTIER,KA24730160A,3N6DD23T2EK085492,GASOLINA,PNP,OPERATIVO,OPERAT.,PATRULLAJE
289,PL-14081,EP-1824,REGPOL-LL,PAR. HUALANGA,MOTOCICLETA,2013,HONDA ,XR-125 L,JD21E2109782,LTMJD2196E5201269,GASOLINA,PNP,OPERATIVO,OPERAT.,PATRULLAJE
290,PL-16137,EPC-195,INSPECTORIA GENERAL,OFICINA DE DISCIPLINA TRUJILLO,CAMIONETA  PICK UP,2014,NISSAN,FRONTIER,KA24729576A,3N6DD23T8EK084895,GASOLINA,PNP,OPERATIVO,OPERAT.,ADMINISTRAT.
291,PL-15326,EPB-799,INSPECTORIA GENERAL,INSPECT.MACRO REGIONAL LA LIBERTAD,AUTOMOVIL,2014,NISSAN,TIIDA,HR16757993H  ,3N1CC1AD4EK210194   ,GASOLINA,PNP,OPERATIVO,OPERAT.,ADMINISTRAT.
292,TMP-0843,A1C-423,INSPECTORIA GENERAL,INSPECT. REG. DECENTRALIZADA,AUTOMOVIL,2009,TOYOTA,YARIS,2NZ5556057,JTDBW933OA4040199,GASOLINA,PRONABI,OPERATIVO,OPERAT.,ADMINISTRAT.
293,DG-23134,T3X-018,ESCUELA PNP,ESCUELA SUB OF. PNP TRUJILLO,MINIBUS,2014,HYUNDAI,COUNTY,D4DDFJ573198,KMJHG17PPEC064201,DIESEL,G/R,OPERATIVO,OPERAT.,ADMINISTRAT.
294,DG-23135,T3X-030,ESCUELA PNP,ESCUELA SUB OF. PNP TRUJILLO,MINIBUS,2014,HYUNDAI,COUNTY,D4DDFJ593614,KMJHG17PPFC067219,DIESEL,G/R,OPERATIVO,OPERAT.,ADMINISTRAT.
295,DG-23137,T7Z-802,ESCUELA PNP,ESCUELA SUB OF. PNP TRUJILLO,CAMIONETA  PICK UP,2015,MAHINDRA,PIK  UP  Mhawk,MMFAJ16435,MA1TZ4MMNG2015297,DIESEL,G/R,OPERATIVO,OPERAT.,ADMINISTRAT.
296,DG-23136,T7Y-946,ESCUELA PNP,ESCUELA SUB OF. PNP TRUJILLO,CAMIONETA  PICK UP,2015,MAHINDRA,PIK  UP  Mhawk,HSF4C15470,MA1TZ2HSNF2D29457,DIESEL,G/R,OPERATIVO,OPERAT.,ADMINISTRAT.
297,PL-15878,EPC-377,DIRSAPOL PNP,REGSAPOL-LL-TRUJILLO,CAMIONETA  PICK UP,2014,NISSAN,FRONTIER,KA24733308A,3N6DD23T1EK088111,GASOLINA,PNP,OPERATIVO,OPERAT.,ADMINISTRAT.
298,SG-11294,EUB-336,DIRSAPOL PNP,REGSAPOL-LL-TRUJILLO,AMBULANCIA,2011,PEUGEOT,BOXER,10TRJ70494942,VF3YDBMFCC2049027,DIESEL,PNP,OPERATIVO,OPERAT.,ADMINISTRAT.
299,TMP-2694,BEH-632,LAVADO DE ACTIVOS,LAVADO DE ACTIVOS,CAMIONETA  SUV,2017,HYUNDAI,NEW TUCSON,G4NAHU541053,KMHJ3813AJU638478,GASOLINA,PRONABI,OPERATIVO,OPERAT.,ADMINISTRAT.
300,TMP-2695,9024-PA,LAVADO DE ACTIVOS,LAVADO DE ACTIVOS,MOTOCICLETA,2018,BAJAJ,PULSAR 200 RS,JLYCG11858,MD2A55FY4KCG0051,GASOLINA,PRONABI,OPERATIVO,OPERAT.,ADMINISTRAT.
301,TMP-1577,C3N-447,LAVADO DE ACTIVOS,LAVADO DE ACTIVOS,AUTOMOVIL,2012,KIA,RIO NB,G4FABH019116,KNADN512AC6723448,GASOLINA,PRONABI,OPERATIVO,OPERAT.,ADMINISTRAT.
302,TMP-2063,Z3L-512,DIVIAC-TRUJILLO,DIVIAC-TRUJILLO,AUTOMOVIL,2012,TOYOTA,YARIS,2NZ6764979,JTDBW9334DL080098,GASOLINA,PRONABI,OPERATIVO,OPERAT.,ADMINISTRAT.
303,TMP-2751,BDF-866,DIVIAC-TRUJILLO,DIVIAC-TRUJILLO,CAMIONETA  PICK UP,2020,TOYOTA,HILUX 4x4,1GDG142996,8AJHA3CD5L2092584,DIESEL,PRONABI,OPERATIVO,OPERAT.,ADMINISTRAT.
304,TMP-1394,WCG-19696,DIVIAC-TRUJILLO,DIVIAC-TRUJILLO, MOTOCICLETA,2012,RTM,JIMCO150 G,162FMJC1072422,LAKPCJCJ1XCB000152,GASOLINA,PRONABI,OPERATIVO,OPERAT.,ADMINISTRAT.
305,TMP-1388,,DIVIAC-TRUJILLO,DIVIAC-TRUJILLO, MOTOCICLETA,2012,HONDA,ELITE 125,SDH1P52QMIBB3407978,LALTCJNO6C3005051,GASOLINA,PRONABI,OPERATIVO,OPERAT.,ADMINISTRAT.
306,TMP-2847,T5D-313,DIVIAC-TRUJILLO,DIVIAC-TRUJILLO,AUTOMOVIL,2020,NISSAN,VERSA,HR16357691U,3N1CN7AD7LK391253,GASOLINA,PRONABI,OPERATIVO,OPERAT.,ADMINISTRAT.
307,YG-25218,EPG-120,DIV TURISMO, DIVTURISMO-TRUJILLO,CAMIONETA  PICK UP,2019,FORD,RANGER 4X2,QJ2SLJ176706,8AFAR22NXL176706,DIESEL,PNP,OPERATIVO,OPERAT.,ADMINISTRAT.
308,YG-27377,EPG-928,DIV TURISMO, DIVTURISMO-TRUJILLO,CAMIONETA  PICK UP,2023,TOYOTA,HILUX 4x4,1GDG375350,8AJKA3CD2R3109575,DIESEL,PNP,OPERATIVO,OPERAT.,ADMINISTRAT.
309,YG-25219,EPG-103,DIV TURISMO, DIVTURISMO-TRUJILLO,CAMIONETA  PICK UP,2019,FORD,RANGER 4X2,QJ2SLJ176707,8AFAR22NXLJ176706,DIESEL,PNP,OPERATIVO,OPERAT.,ADMINISTRAT.
310,PD-14921,EPB-639,DIV TURISMO, DIVTURISMO-TRUJILLO,CAMIONETA  PICK UP,2014,MITSUBISHI,L200 4X4,4D56UCEM7754,MMBJNKB40ED011138,DIESEL,PNP,OPERATIVO,OPERAT.,ADMINISTRAT.
311,YG-26068,EP-7493,DIV TURISMO, DIVTURISMO-TRUJILLO,MOTOCICLETA,2022,YAMAHA,XTZ-250 ABS,G3F2G028749,9C6DG2923N0001835,GASOLINA,PNP,OPERATIVO,OPERAT.,ADMINISTRAT.
312,YG-26069,EP-7484,DIV TURISMO, DIVTURISMO-TRUJILLO,MOTOCICLETA,2022,YAMAHA,XTZ-250 ABS,G3F2G028670,9C6DG2924N0001844,GASOLINA,PNP,OPERATIVO,OPERAT.,ADMINISTRAT.
313,YG-26070,EP-7481,DIV TURISMO, DIVTURISMO-TRUJILLO,MOTOCICLETA,2022,YAMAHA,XTZ-250 ABS,G3F2G028758,9CGDG2924N0001908,GASOLINA,PNP,OPERATIVO,OPERAT.,ADMINISTRAT.
314,YG-26067,EP-7492,DIV TURISMO, DIVTURISMO-TRUJILLO,MOTOCICLETA,2022,YAMAHA,XTZ-250 ABS,G3F2G029986,9C6DG2923N0002130,GASOLINA,PNP,OPERATIVO,OPERAT.,ADMINISTRAT.
315,TMP-2954,T9H-861, DIV MEDIO AMBIENTE,DIV.MEDIO AMB-TRUJILLO,CAMIONETA  PICK UP,2018,TOYOTA,HILUX 4x4,1GD4393505,8AJHA8CD2J2614680,DIESEL,PRONABI,OPERATIVO,OPERAT.,ADMINISTRAT.
